Rid√≠culos!!,Ridiculous!,-0.41666666666666663
"RT @luisantgarcia: El √∫nico art√≠culo que debiera tener la #ConstitucionMoral de @lopezobrador_:

1. Es inmoral (e ilegal) que un Estado lai‚Ä¶","RT @luisantgarcia: The only article that should have the #ConstitucionMoral de @lopezobrador_:

1. It is immoral (and illegal) for a State to ...",-0.25
"RT @luisantgarcia: El √∫nico art√≠culo que debiera tener la #ConstitucionMoral de @lopezobrador_:

1. Es inmoral (e ilegal) que un Estado lai‚Ä¶","RT @luisantgarcia: The only article that should have the #ConstitucionMoral de @lopezobrador_:

1. It is immoral (and illegal) for a State to ...",-0.25
RT @18Lalogonzalez: Sr. @lopezobrador_ Yo vot√© por usted y trabaj√© mucho para que no le impactar√°n las injurias que nos hac√≠an a usted y a‚Ä¶,RT @ 18Lalogonzalez: Mr. @lopezobrador_ I voted for you and worked hard so that you would not be shocked by the insults that were made to you and ...,-0.49583333333333335
"RT @DiegoPetersen: Ll√°menlo como quieran, pero el triunfo de @lopezobrador_ ha metido al pa√≠s a discutir cosas que antes parec√≠an inamovibl‚Ä¶","RT @DiegoPetersen: Call it what you want, but the triumph of @lopezobrador_ has got the country to discuss things that previously seemed immovable ...",-0.16666666666666666
"RT @multitud666: esta cuenta falsa, no es de #L√≥pezObrador ABUSADO mexicano la cuenta de L√≥pezObrador es est√° @lopezobrador_ https://t.co/o‚Ä¶",RT @ multitud666: this false account is not from # L√≥pezObrador ABUSADO mexicano the account of L√≥pezObrador is est√° @lopezobrador_ https://t.co/o...,-0.4000000000000001
"RT @epigmenioibarra: No toca a @lopezobrador_ actuar contra corruptos,no debe el presidente hacer -como en el pasado- que fiscales y jueces‚Ä¶","RT @epigmenioibarra: It's not up to @lopezobrador_ to act against corrupt people, the president should not do - as in the past - prosecutors and judges ...",-0.375
"AMLO es mi pastor, nada me faltara","AMLO is my pastor, nothing will be missing",-0.2
"Se√±or @lopezobrador_  ahora que va a mover a las dependencias a distintos lugares de la Rep√∫blica, no podr√° mandar al @SATMX a la chingada?","Se√±or @lopezobrador_ Now that you are going to move the dependencies to different places in the Republic, you can not send the @SATMX to the fuck?",-0.2
"RT @nestora_salgado: En la #reconciliaci√≥n caben las disculpas p√∫blicas por difamaciones, calumnias, ofensas y un largo etc. Tambi√©n su rec‚Ä¶","RT @nestora_salgado: In the # reconciliation, public apologies for defamation, slander, offenses and a long etc. Also your rec ...",-0.025
"RT @xagovi1958: Definitivamente creo que @lopezobrador_  debe auditar a @EPN por este y otros rubros? 
@tatclouthier,  como vocera de AMLO‚Ä¶","RT @ xagovi1958: Definitely I think that @lopezobrador_ should audit @EPN for this and other items?
@tatclouthier, as spokesperson for AMLO ...",-0.0625
"@TigreCharr0 @lopezobrador_ @tatclouthier @m_ebrard @martibatres @Claudiashein Los 4 mencionados se limitan a tres , Batres no hay forma","@ TigreCharr0 @lopezobrador_ @tatclouthier @m_ebrard @martibatres @Claudiashein The 4 mentioned are limited to three, Batres no way",-0.07142857142857142
"RT @epigmenioibarra: No toca a @lopezobrador_ actuar contra corruptos,no debe el presidente hacer -como en el pasado- que fiscales y jueces‚Ä¶","RT @epigmenioibarra: It's not up to @lopezobrador_ to act against corrupt people, the president should not do - as in the past - prosecutors and judges ...",-0.375
"RT @gomanego: @PabloHiriart @lopezobrador_ @JoseAMeadeK Gusano. Cambiando la historia, tergivers√°ndola con pregunta retorcida. 
La pregunta‚Ä¶","RT @gomanego: @PabloHiriart @lopezobrador_ @JoseAMeadeK Worm. Changing the story, twisting it with a twisted question.
The question‚Ä¶",-0.5
"RT @luisantgarcia: El √∫nico art√≠culo que debiera tener la #ConstitucionMoral de @lopezobrador_:

1. Es inmoral (e ilegal) que un Estado lai‚Ä¶","RT @luisantgarcia: The only article that should have the #ConstitucionMoral de @lopezobrador_:

1. It is immoral (and illegal) for a State to ...",-0.25
@rubengluengas @RobertoTejero @AlfredoJalifeR_ @lopezobrador_ @JoseAMeadeK Absurdo,@rubengluengas @RobertoTejero @AlfredoJalifeR_ @lopezobrador_ @JoseAMeadeK Absurd,-0.5
"RT @nestora_salgado: En la #reconciliaci√≥n caben las disculpas p√∫blicas por difamaciones, calumnias, ofensas y un largo etc. Tambi√©n su rec‚Ä¶","RT @nestora_salgado: In the # reconciliation, public apologies for defamation, slander, offenses and a long etc. Also your rec ...",-0.025
"RT @epigmenioibarra: No toca a @lopezobrador_ actuar contra corruptos,no debe el presidente hacer -como en el pasado- que fiscales y jueces‚Ä¶","RT @epigmenioibarra: It's not up to @lopezobrador_ to act against corrupt people, the president should not do - as in the past - prosecutors and judges ...",-0.375
RT @Navegaciones: ¬°Por fin! El pr√≥ximo mi√©rcoles 8 de agosto @lopezobrador_ ser√° presidente electo. Qu√© largos est√°n siendo estos 38 d√≠as e‚Ä¶,RT @Navegaciones: Finally! Next Wednesday August 8 @lopezobrador_ will be president-elect. How long these 38 days are being and ...,-0.025
RT @CarlosMorenaC: Adelant√≥ @lopezobrador_ que Morena renunciar√≠a a la mitad de las prerrogativas y que buscar√≠an que la reducci√≥n se prese‚Ä¶,RT @CarlosMorenaC: It was anticipated @lopezobrador_ that Morena would give up half of the prerogatives and that they would look for a reduction ...,-0.16666666666666666
RT @LaOtra_Opinion: Analista financiero deja en rid√≠culo a @lopezobrador_ sobre propuesta ambiental https://t.co/Cp5MvjHdRZ https://t.co/NJ‚Ä¶,RT @LaOtra_Opinion: Financial analyst makes a ridiculous @lopezobrador_ about environmental proposal https://t.co/Cp5MvjHdRZ https://t.co/NJ...,-0.16666666666666666
La ineptitud es igual o m√°s peligrosa que la corrupci√≥n.,Ineptitude is equal to or more dangerous than corruption.,-0.033333333333333326
"Cuando leo cosas tipo #Chairoamuchahonra, #Pejefan y dem√°s traumas y comedias, pido a nuestro pr√≥ximo Tlatoani‚Ä¶ https://t.co/Ra7ieVgKgt","When I read things like #Chairoamuchahonra, #Pejefan and other traumas and comedies, I ask our next Tlatoani ... https://t.co/Ra7ieVgKgt",-0.0625
@epigmenioibarra @lopezobrador_ Muy mal @epigmenioibarra  ya que primero son las instituciones y luego la accion ci‚Ä¶ https://t.co/wYRsEnWb0w,@epigmenioibarra @lopezobrador_ Very bad @epigmenioibarra since first there are the institutions and then the action ci ... https://t.co/wYRsEnWb0w,-0.18666666666666662
@Chiva74 @lopezobrador_ De verdad qu√© se ve ridiculo.,@ Chiva74 @lopezobrador_ Really what looks ridiculous.,-0.06666666666666665
RT @CarlosMorenaC: Prepara @lopezobrador_ golpe contra la corrupci√≥n: ser√≠a delito grave y sin fianza https://t.co/8rtUnNkmOo,RT @CarlosMorenaC: Prepare @lopezobrador_ blow against corruption: it would be a serious crime and without bail https://t.co/8rtUnNkmOo,-0.3333333333333333
"RT @luisantgarcia: El √∫nico art√≠culo que debiera tener la #ConstitucionMoral de @lopezobrador_:

1. Es inmoral (e ilegal) que un Estado lai‚Ä¶","RT @luisantgarcia: The only article that should have the #ConstitucionMoral de @lopezobrador_:

1. It is immoral (and illegal) for a State to ...",-0.25
"RT @rochiyito: Jorge los que no votamos por L√≥pez, no nos sorprendi√≥ el nombramiento de Bartlett, ya q en campa√±a postul√≥ a varios candidat‚Ä¶","RT @rochiyito: Jorge, those of us who did not vote for Lopez, we were not surprised by the appointment of Bartlett, since in the campaign he nominated several candidates ...",-0.025
"RT @luisantgarcia: El √∫nico art√≠culo que debiera tener la #ConstitucionMoral de @lopezobrador_:

1. Es inmoral (e ilegal) que un Estado lai‚Ä¶","RT @luisantgarcia: The only article that should have the #ConstitucionMoral de @lopezobrador_:

1. It is immoral (and illegal) for a State to ...",-0.25
"RT @epigmenioibarra: No toca a @lopezobrador_ actuar contra corruptos,no debe el presidente hacer -como en el pasado- que fiscales y jueces‚Ä¶","RT @epigmenioibarra: It's not up to @lopezobrador_ to act against corrupt people, the president should not do - as in the past - prosecutors and judges ...",-0.375
@ferbelaunzaran @lopezobrador_ Te fall√≥ el or√°culo...,@ferbelaunzaran @lopezobrador_ The oracle failed you ...,-0.5
Ni√±o de 12 a√±os que ingres√≥ a la UNAM_MX pide a lopezobrador_ no repetir errores de otros presidentes‚Ä¶ https://t.co/cYIQkGXAXc,12-year-old boy who joined UNAM_MX asks lopezobrador_ not to repeat mistakes of other presidents ... https://t.co/cYIQkGXAXc,-0.125
@rgbenibel @Begso2 @lorena96438260 @GuzmanSoely @lopezobrador_ se pueden molestar sus 12 seguidores,@rgbenibel @ Begso2 @ lorena96438260 @GuzmanSoely @lopezobrador_ your 12 followers can be annoyed,-0.4
RT @PdPagina: Legalmente no es presidente electo pero @lopezobrador_ se ha convertido en el virtual mandatario. Un gobierno paralelo que co‚Ä¶,RT @PdPagina: Legally he is not president-elect but @lopezobrador_ has become the virtual agent. A parallel government that co ...,-0.05
"El arte de educar chayotes sin argumentos es cansado, demandante, y un proceso lento. 
Por ejemplo:","The art of educating chayotes without arguments is tiring, demanding, and a slow process.
For example:",-0.30000000000000004
"RT @alika_malaika: @LauraBruges ¬øHay que recordarles lo que dijeron uno del otro? ¬øSer√° que se les olvid√≥, o s√≥lo fue tele comedia para eng‚Ä¶","RT @alika_malaika: @LauraBruges Do you have to remind them what they said about each other? Could it be that they forgot, or was just tele comedy to eng ...",-0.125
RT @LaOtra_Opinion: Analista financiero deja en rid√≠culo a @lopezobrador_ sobre propuesta ambiental https://t.co/Cp5MvjHdRZ https://t.co/NJ‚Ä¶,RT @LaOtra_Opinion: Financial analyst makes a ridiculous @lopezobrador_ about environmental proposal https://t.co/Cp5MvjHdRZ https://t.co/NJ...,-0.16666666666666666
RT @pepecervera: @PabloHiriart @DAVIDROMEROVARA @lopezobrador_ @JoseAMeadeK AMLO estar√≠a en reforma plantado gritando (y llorando) fraude!!,RT @pepecervera: @PabloHiriart @DAVIDROMEROVARA @lopezobrador_ @JoseAMeadeK AMLO would be in reform planted screaming (and crying) fraud !!,-0.3125
"RT @epigmenioibarra: No toca a @lopezobrador_ actuar contra corruptos,no debe el presidente hacer -como en el pasado- que fiscales y jueces‚Ä¶","RT @epigmenioibarra: It's not up to @lopezobrador_ to act against corrupt people, the president should not do - as in the past - prosecutors and judges ...",-0.375
"RT @Pipe_cm: @ProfeGaby1961 @umbaldi @lopezobrador_ Mmmm pues que poquito le duraron los huevos a Bartlett, cuando ferozmente se decia en c‚Ä¶","RT @Pipe_cm: @ ProfeGaby1961 @umbaldi @lopezobrador_ Mmmm, because Bartlett's eggs lasted a little while, when it was fiercely ...",-0.1875
"RT @nestora_salgado: En la #reconciliaci√≥n caben las disculpas p√∫blicas por difamaciones, calumnias, ofensas y un largo etc. Tambi√©n su rec‚Ä¶","RT @nestora_salgado: In the # reconciliation, public apologies for defamation, slander, offenses and a long etc. Also your rec ...",-0.025
"@lopezobrador_ Make M√©xico greate again üá≤üáΩ,@lopezobrador_","RT @nestora_salgado: In the # reconciliation, public apologies for defamation, slander, offenses and a long etc. Also your rec ...",-0.025
"RT @TuitEmil: Pinches chairos ilusos y pendejos
Hasta creen que el narco loco @lopezobrador_ los tomar√° en cuenta para hacer sus consultas‚Ä¶","RT @TuitEmil: Pinches dreamers and assholes
They even believe that the crazy drug lord @lopezobrador_ will take them into account to make their inquiries ...",-0.6
"RT @epigmenioibarra: No toca a @lopezobrador_ actuar contra corruptos,no debe el presidente hacer -como en el pasado- que fiscales y jueces‚Ä¶","RT @epigmenioibarra: It's not up to @lopezobrador_ to act against corrupt people, the president should not do - as in the past - prosecutors and judges ...",-0.375
"RT @epigmenioibarra: No toca a @lopezobrador_ actuar contra corruptos,no debe el presidente hacer -como en el pasado- que fiscales y jueces‚Ä¶","RT @epigmenioibarra: It's not up to @lopezobrador_ to act against corrupt people, the president should not do - as in the past - prosecutors and judges ...",-0.375
RT @Patrici10041368: En lugar de seguir con el aburrido tema de Barlett ! Vean el cv ! De esta dama ! @Rogelio20176735 @MiguelAngValdes @jm‚Ä¶,RT @ Patrici10041368: Instead of continuing with the boring Barlett theme! See the cv! This lady! @ Rogelio20176735 @MiguelAngValdes @ jm ...,-1.0
RT @PdPagina: Legalmente no es presidente electo pero @lopezobrador_ se ha convertido en el virtual mandatario. Un gobierno paralelo que co‚Ä¶,RT @PdPagina: Legally he is not president-elect but @lopezobrador_ has become the virtual agent. A parallel government that co ...,-0.05
"RT @epigmenioibarra: No toca a @lopezobrador_ actuar contra corruptos,no debe el presidente hacer -como en el pasado- que fiscales y jueces‚Ä¶","RT @epigmenioibarra: It's not up to @lopezobrador_ to act against corrupt people, the president should not do - as in the past - prosecutors and judges ...",-0.375
RT @DiegoFCevallos: Y @lopezobrador_ quiere hacer m√°s grande a este sistema estatal corrupto. https://t.co/vfr6MblUgQ,RT @DiegoFCevallos: And @lopezobrador_ wants to make this corrupt state system bigger. https://t.co/vfr6MblUgQ,-0.09999999999999999
